Product Name,Company Desc
AGL Beige 600x300,600x600-4 DIANA BEIGE GL UC
AGL HL 600x300,300x450-6 BENIMAC HL GL
AGL Lite 600x300,300x450-6 LIGO LITE GL
AU Black 600x600,600x600-4 AU BLACK PLUS PO
Abreza Dk 600x300,300x600-6 ABREZA DK
Abreza HL 600x300,300x600-6 ABREZA HL
Abreza LT 600x300,300x600-6 ABREZA LT
Aclin - 600x600,600x600-4 ACLIN DC SF PO UC
Acton DC 600x600,600x600-4 ACTON DC SF PO UC
Adoks Beige 600x600,600x600-4 ADOKS BEIGE
Adoks Grey 600x600,600x600-4 ADOKS GREY
Agates Bianco 600x300,600x300-6 AGATES BIANCO DIG
Agates Nero 600x300,600x300-6 AGATES NERO DIG
Ajmer Ivory 300x300,300x300-10BME BUBLE ST IVORY (PLU)
Albano White 800x800,800x800-3 ALBANO WHITE DC SFPOUC
Albito Lemon 600x600,600x600-4 ALBITO LEMON PL DC PO
Albito White 600x600,600x600-4 ALBITO WHITE PL DC PO
Albury HL 600x300,600x300-6 GARNET QUADRA HL DIG
Algeria Beige 1200x600,600x1200-2 ALGERIA BEIGE GL REC
Almendra SF 600x600,600x600-4 ALBITO ALMOND DC SF PUC
Almentos Floor 300x300,300x300-9 Leafy Flora Floor Matt
Almitos DK 600x300,300x600-6 ALMITOS DK
Almitos HL 600x300,300x600-6 ALMITOS HL
Almitos LT 600x300,300x600-6 ALMITOS LT
Alpine Blue 300x300,300x300-10 Alpine Blue
Amaron Bright 600x300,600x300-6 WOODLINE BRIGHT DIG
Amatrix Beige 450x300,300x450-6 AMATRIx BEIGE MAT ELV
Amatrix Gris 450x300,300x450-6 AMATRIx GRIS MAT ELV
Amazon Bright 600x300,600x300-6 WOODLINE BRIGHT DIG
Amazon DK 600x300,250x375-8 Amani Dk Glsy Rec
Amazon Floor 300x300,300x300-9 AMAZO FLOOR
Amazon Gris 600x600,600x600-4 AMAZON GRIS REC RMT
Amazon HL 600x300,600x300-6 GARNET QUADRA HL DIG
Ambient Crema 300x300,300x300-10 Crema
Ambient DK 600x300,600x300-10 DENIVER LAM DK SA UC
Ambient Decor 600x300,600x300-6 BELLA DECOR NIJ
Ambient LT 600x300,250x375-8 LT Coweta Brown LT
Ambrosia Gold 1200x600,600x600-4 DIANA GOLD GL PO UC
American Walnut 1200x300,1200x300-4 AMERICAN WALLNUT STONE
American Walnut 1200x600,1200x600-2 PLAIN AMERICAN WALLNUT
Andes Bright 600x300,600x300-6 ANDES FEATURE BRIGHT DIG
Andes HL 600x300,600x300-6 GARNET QUADRA HL DIG
Antartica White 600x600,600x600-4 AMAZE WHITE IJ PO UC
Antique MossHDR 1200x600,1200x600-2 ANTIQUE MOSS HDR 9MM
Antique RustSplits 1200x200,1200x200-4 ANTIQUE RUST-SPLITSUPUC
Arcade DK 600x300,600x600-4 BARCA WOOD DK MATT
Arcade Floor 300x300,300x300-9 Leafy Flora Floor Matt
Arcade LT 600x300,300x450-6 ARCADE LT GLOSSY REC
Arcadia Classic 600x600,600x600-4 ARCADIA CLASSIC REC GL
Arcadia Pearl 600x600,600x600-4 ARCADIA PEARL REC GL
Aristo DK 600x300,300x600-6 ARTIST DK MATT REC
Aristo Decor 600x300,250x375-8 RITMO DECOR MATT REC
Aristo LT 600x300,250x375-8 LT Visto LT
Arizona Liso 1200x600,1200x600-2 ARIZONA LISO PO UC9MM
Armani Brown 1200x600,800x1600-2 ARMANI BRONZO PLMA HGL
Artist Decor 600x300,300x600-6 ARTIST DEKOR VITRO REC
Artiz Andes 300x300,300x300-10 ARTIZ ANDES
Artiz Beige Rock 300x300,300x300-12 Artizen Beige Matt
Artiz Bruno 300x300,300x300-10 ARTIZ BRUNO
Artiz Cream 300x300,300x300-10 ARTIZ CREAM
Artiz Dyna 300x300,300x300-10 ARTIZ DYNA
Artiz Indigo 300x300,300x300-10 ARTIZ ALICANTE
Artiz Mix Cubes 300x300,300x300-10 ARTIZ MIxCUBES
Ash Grey 600x600,600x600-4 IMPERIAL ASH GREY MT UP
Ash Monte 600x600,600x600-4 ASH MONTE MATT UC
Ashley Floor 300x300,300x300-9 Leafy Flora Floor Matt
Ashley HL 600x300,300x600-6 ASHLEY HL
Ashley LT 600x300,300x600-6 ASHLEY LT
Aston SF 600x600,600x600-4 Aston SF PO UC
Astoria - 600x600,600x600-4 ASTORIA SF PO UC
Autumn Splits 1200x200,1200x200-4 AUTUMN - SPLITS UPUC
Aveo SF 600x600,600x600-4 AVEO SF SPL PO UC
BG Bottochino 600x600,600x600-4 BG BOTTICINO GL UC
Barstow DK 600x300,300x600-6 BARSTOW DK
Barstow HL 600x300,300x600-06 BARSTOW HL
Barstow LT 600x300,300x600-06 BARSTOW LT
Basalt BRN 300x300,300x300-10 Basalt Br
Belice Wood 800x400,800x400-3 Belice Wood Satin
Bella Pearl 600x400,600x400-4 BELLA PEARL
Bellapapeir Fx 1200x600,1200x600-2 BELLAPAPIER-Fx UP UC
Benalium - 600x600,600x600-4 BENAULIM PLUS PO
Benalium Plus 600x600,600x600-4 BENAULIM PLUS PO
Benaluim - 1200x300,1200x300-4 BENALIUM STONE
Benaluim - 1200x600,1200x600-2 PLAIN BENALIUM
Benicrssin BG 600x300,600x300-6 ARENA BG
Benimac DK 450x300,300x450-6 BENIMAC DK
Benimac Floor 300x300,300x300-9 Leafy Flora Floor Matt
Benimac HL 450x300,300x450-6 BENIMAC HL
Benimac LT 450x300,250x375-8 LT Coweta Brown LT
Bianco White 1200x600,300x600-06 BIANCA MARBO WHITE
Black - 300x300,306x306-15 BLK GRANITE BLK GYWT
Black Cristal Glossy 800x400,800x400-3 Black Cristal Glossy
Black Glossy 800x400,800x400-3 Black Cristal Glossy
Black Portoro 1200x600,600x1200-2 BLACK PORTORO HG PO UC
Blanco Cararra 600x600,600x600-4 BLANCO CARARA GL UC
Blanco Neive 600x300,300x600-6 BLANCO NIEVE
Blanco Neive Kajaria 450x300,300x600-6 BLANCO NIEVE
Blanco Neive Kajaria 600x300,300x600-6 BLANCO NIEVE
Blocks Gris 300x300,300x300-08 RE DIG BLOCKS GRIS
Bloom Floor 300x300,300x300-9 Leafy Flora Floor Matt
Bloom FlowerHL 450x300,300x450-6 BLOOM FLOWER HL
Bloom LT 450x300,250x375-8 LT Coweta Brown LT
Blue - 300x300,300x300-10 TATA BLUE (REC)
Blue - 450x300,240x060-80 WINTER BLUE (Psize)
Boiskraft Stripes 800x400,800x400-3 BOISKRAFT MIx IJ
Bookmac HL 1200x600,1200x600-2 STATURIO BOOKMAC LIPOUC
Bottochi Natura 800x800,800x800-2 BOTTOCHI NATURA GLUC
Bottochino ClassicLiso 1600x800,600x1200-2 BOTTOCHINO BEIGE GL PO
Bottochino RoyalLiso 1200x600,1200x600-2 BOTICINO ROYAL LIS POUC
Breccia Aurrora 1200x800,800x1200-2 BRECIA AURORA GL
Bubbles Traventine 450x300,600x600-4 TRAVENTINE MARFIL GLUC
Burberry - 600x600,600x600-4 BURBERRY
CANDOLIM - 600*600,600x600-4 CANDOLIM
Cafe HomeDecor 600x300,600x600-4 CARE CAFE
Calder Mink 1200x600,600x1200-2 CALDER MINK GL REC
Caldo Glo Twin 600x400,600x400-4 ARABESCO GLO-TWIN
Calista DK 600x300,600x300-10 DENIVER LAM DK SA UC
Calista HL 600x300,600x300-6 GARNET QUADRA HL DIG
Calista LT 600x300,250x375-8 LT Coweta Brown LT
Canvera Art HL 800x400,800x400-3 Canvera Art Satin
Canyan Brown 400x400,400x400-5 CANYAN BROWN DE MT REC
Canyan BrownDecor 400x400,400x400-5 CANYAN BROWN DE MT REC
Caranz DarkGrey 300x300,300x300-6 CARANZ
Cardinal Bright 600x300,300x600-6 Cardinal Bright Rec SA
Cardinal Dark 600x300,600x300-10 CARNAL DARK UP UC
Cardinal Decor 600x300,300x600-6 Cardinal Decor Rec SA
Care Gris 600x600,600x600-4 CARE GRIS IJ SF
Care Rock 600x600,600x600-4 CARE ROCK IJ SF
Care Spa 600x600,600x600-4 CARE SPA IJ SF
Care Teak 600x600,600x600-4 CARE TEAK IJ SF
Care Terro -,600x600-4 CARE CAFE
Cario Beige Liso 1600x800,600x1200-2 DIANA BEIGE LISO PORC
Carolina Gold 300x300,600x300-6 FR CAROLINA GOLD IJ NGF
Cartoon - -,800x1200-2 CARBON GL
Cascade Dusk 450x300,300x450-06 CASCADE DUSK
Cascade Liso 1600x800,800x800-2 DOVESHEEN LISO IJ PO UC
Castle Stone Gris 600x300,600x600-3 ROUGH STONE GRIS
Castle Stone Moss 600x300,1200x600-2 GREY STONE STONEx
Castle StoneBG 600x300,1200x600-2 GREY STONE STONEx
Cavelo Light Grey 15MM 300x300,300x300-6 (15MM) SILVER GREY PLUS
Cementina GY 300x300,300x300-8(12mm) DG CEMENTINA C GY
Cementoza Decor 600x300,600x300-6 MISTIC CEMENT DECO DIG
Cementoza LT 600x300,250x375-8 LT Coweta Brown LT
Cementz Natura 800x800,800x800-2 CEMENTZ NATURA LPUC
Ceylon Marfil 600x300,600x300-6 KIAH MARFIL DIG
Ceylon Wood 1200x800,800x1200-2 CEYLON WOOD MATT
Checkered Terra 300x300,300x300-10 CHECKER TERRACOTA PL
Chekered Grey 12MM 300x300,300x300-08 BMEC GREY-12MM
Chestnut Floor 300x300,300x300-9 CHESTNUT PL FLOOR MATT
Chestnut HL 600x300,300x600-6 CHESTNUT MOCA HL
Chestnut LT 600x300,300x600-6 CHESTNUT WHITE LT
Chipstone Gris 600x300,300x300-08 RE DIG MIxSTONE GRIS
Chisel Granite Beige 600x300,600x300-6 CHISEL GRANITE BR IJ NGF
Chisel Granite DK Grey 600x300,600x300-6 CHISEL GRANITE BR IJ NGF
Clare Onyx 600x600,600x600-4 CLARE ONYx GL UC
Classic DK 600x300,300x600-6 CLASSIC DK
Classic LT 600x300,300x600-6 CLASSIC LT
Classic Pearl 600x600,600x600-4 Classic Pearl SF POUC
Cliff DK 600x300,300x600-6 CLIFF DK MATT REC
Cloud DK 450x300,300x300-08 RE DIG ROCKCEPT DK
Cloud Floor 300x300,300x300-9 Leafy Flora Floor Matt
Cloud HL 450x300,300x450-6 CLOUD HL
Cloud LT 450x300,250x375-8 LT Coweta Brown LT
Coated Black 300x300,300x300-10 COATED BLACK (REC)
Coated Grey 10MM 300x300,300x300-6 (15mm) COATED GREY PLUS
Coated Grey 12MM 300x300,300x300-6 (15mm) COATED GREY PLUS
Coated Grey 15MM 300x300,300x300-6 (15mm) COATED GREY PLUS
Coated White 12MM 300x300,300x300-10 BMEC WHITE (COATED)
Cobble Stone Ivory 10MM 300x300,300x300-10 COBBLE STONE IVORY Rec
Cobble Stone Terra 10MM 300x300,300x300-10 COBBLE STONE TERRA Rec
Colorado Hl 450x300,600x300-6 GARNET QUADRA HL DIG
Cool Ivory Rotto Matt 600x600,600x600-4 Aspire Ivory Matt
Cool Roof Tile 300x300,300x300-10 COOL ROOF SRI TILE
Copper Cloudy 300x300,300x300-9 CLOUD FLR MATT
Cosmic Choco Dc,800x800-3 COSMIC CHOCO DC SFPOUC
Cotto - 600x300,600x600-4 NIAGARA COTTO SA RU
Cotto Blocks 600x300,300x300-10 RE BLOCK CHE T'COT PLUS
Cotto Waves 600x300,600x300-6 WAVES DOTS PK IJ
Cozi Base 450x300,300x450-6 COZI BASE
Cozi Floor 300x300,300x300-9 COZI FLOOR MATT REC
Cozi HL 450x300,300x450-6 COZI KITCHEN HL-3 GL
Creama - 450x300,300x300-12 LINER CREAMA
Crema - 1200x600,600x600-4 Alaska Crema Hard Matt
Crema - 450x300,300x300-10 Crema
Crema - 600x300,600x300-10 GIALLO CREMA UP UC
Crema Athos 600x600,600x600-4 CREMA ATHOS SF PO UC
Cross Chalk 300x300,300x300-08 RE DIG CROSS CHALK
Crust Monte 600x600,600x600-4 CRUST MONTE MATT UC
Crystal Beige 600x600,600x600-4 CRYSTAL BEIGE GL UC
Crystillano Gold 600x600,600x600-4 DIANA GOLD GL PO UC
Cudjee DK 600x300,300x600-6 CUDJEE DK
Cudjee Floor 300x300,300x300-9 Leafy Flora Floor Matt
Cudjee HL 600x300,300x600-06 CUDJEE HL
Cudjee LT 600x300,300x600-6 CUDJEE LT
Cunix Beige 1200x600,1200x800-2 Tropic Beige Dc Sf
Cyprus Plazma 800x1600,800x1600-2 CYPRUS PLAZMA HGLPUC
DC Ivory 600x600,600x600-4 DREAMS IVORY DC SFPO UC
DC LEMON 600x600,600x600-4 SICILIA LEMON DC SFPOUC
DC WHITE 600x600,600x600-4 SICILIA WHITE DC SFPOUC
DC White 1200x600,1200x800-2 Snow White Dc Sf
Daino Beige 600x600,600x600-4 DIANO BEIGE GLOSSY REC
Daino Gold 600x600,800x800-3 DAINO GOLD GL PO UC
Damask Classic 600x400,600x400-4 DAMASK CLASSIC
Damask Royale 600x400,600x400-4 DAMASK ROYALE
Dawn Bright 600x300,600x300-10 FAWN BRIGHT UP UC
Dawn Deep 600x300,300x300-9 Dawn Deep Flr Matt
Dawn HL 600x300,300x600-6 DAWN HL
Dazzle - 1200x800,1200x600-2 TIMBER DAZZLE PO UC
Decor Himalayan 600x300,600x300-6 DECOR-HIMALAYAN NIJ
Decostone Black 600x300,600x300-6 DECOSTONE BLACK DIG
Decostone Decor 600x300,600x300-6 DECOSTONE WH DECO DIG
Decostone White 600x300,600x300-6 DECOSTONE WHITE DIG
Deliant LT 600x300,250x375-8 LT Coweta Brown LT
Denim Cobalt 1200x600,200x200-25 COBALT BLUE
Desert Bianco 600x600,600x600-4 OPAL BIANCO GL UC
Desert Crema 600x600,600x600-4 Alaska Crema Hard Matt
Desert Grey 600x300,600x600-4 DESERT GREY-SPL Ex MAT
Desert Umber 300x300,300x300-10 Desert Umber
Desert Verde 600x600,600x600-4 LENOx VERDE MATT
Dessert Pearl 1200x800,800x1200-2 DESSERT PEARL SA MATT
Dew Black Matt 600x600,600x600-4 DEW GREY MATT UP UC
Dew Grey 600x600,600x600-4 DEW GREY MATT UP UC
Dew Grey Matt 600x600,600x600-4 DEW GREY MATT UP UC
Dg Cross Ochare,300x300-8 (10 MM) DG CROSS CHALK
Dona Bianco 450x300,300x450-6 DONATA BIANCO
Dona Nero 450x300,300x300-08 RE DIG NEO TOSCA NERO
Donapola - 600x600,600x600-3 PLAIN DONAPAULA
Dove Sheen Rasso 800x800,800x800-2 DOVESHEEN RASO IJ UP UC
Dover DK 450x300,300x450-6 DOVER DK GL
Dover Floor 300x300,300x300-9 Leafy Flora Floor Matt
Dover LT 450x300,250x375-8 LT Coweta Brown LT
Drift Cotto 400x400,400x400-06 RE DIG DRIFT COTTO
Drift Mix 400x400,400x400-06 RE DIG DRIFT MIx
Dyansty Liso Gold 1200x600,1200x600-2 DYNASTY LISO GO PO 9MM
Dyna - Italiano,600x600-4 DYNA IJ PO UC
Dyna AGL 300x300,600x600-4 DYNA CLARO GL PO UC
Dyna DK 600x300,600x300-10 DENIVER LAM DK SA UC
Dyna Floor 300x300,300x300-9 Leafy Flora Floor Matt
Dyna LT 600x300,250x375-8 LT Coweta Brown LT
Dynas Beige 600x300,600x300-6 ARCHIVE BEIGE IJ
Earth Beige 600x600,600x600-4 EARTH BEIGE IJ UP UC
Earth Bruno 600x600,600x600-4 EARTH BRUNO IJ UP UC
Earth Eclat 600x400,600x400-4 EARTH ECLAT
Earth Gris 600x600,600x600-4 EARTH GRISO IJ UP UC
Earth Ivory 600x600,600x600-4 EARTH IVORY IJ UP UC
Earth Ochre 600x600,600x600-4 EARTH OCHRE IJ UP UC
Earth Snow 600x600,600x600-4 EARTH SNOW IJ UP UC
Earth Span 600x400,600x400-4 EARTH SPAN
Earth Steel Grey 600x600,1200x600-2 EARTH STEEL GREY RUST
Easel HDR 1200x600,1200x600-2 EASEL - HDR PO UC
Egypto Brown 600x600,600x600-4 DREAMS BROWN DC SFPO UC
Eleganza DK 600x300,300x600-6 ELEGANZA DK GLOSSY REC
Eleganza Decor 600x300,300x600-6 ELEGANZA DEKOR GL REC
Eleganza LT 600x300,300x600-6 ELEGANZA LT GLOSSY REC
Ellora Black 300x300,306x306-15 BLK GRANITE BLK GYWT
Emola DK 600x300,300x600-6 EMOLA DK MATT REC
Emola Decor 600x300,300x600-6 EMOLA DEKOR MATT REC
Emola LT 600x300,300x600-6 EMOLA LT MATT REC
Empeira Floor 300x300,300x300-9 Leafy Flora Floor Matt
Empeira HL 450x300,300x450-6 EMPEIRA HL
Emperador - 1200x600,600x300-6 EMPERADOR IVORY CL
Emperador Ivory 600x300,600x300-6 EMPERADOR IVORY CL
Emperador Quadra HL 600x300,600x300-6 GARNET QUADRA HL DIG
Emperia Bright 450x300,300x450-6 EMPEIRA BRIGHT
Emperia Deep 450x300,300x450-6 EMPEIRA DEEP
Endura Ivory 10MM 300x300,300x300-8 SUPER IVORY (12mm) Rec
Eritea DK 450x300,300x450-6 ERITEA DK GL
Eritea Floor 300x300,300x300-9 Leafy Flora Floor Matt
Eritea HL 450x300,800x400-3 VERTE HL GLOSSY REC
Eritea LT 450x300,250x375-8 LT Coweta Brown LT
Espanya HL 450x300,600x300-6 GARNET QUADRA HL DIG
Euro Empredor 1200x600,1200x600-2 METEOR Fx -NERO PO UC
Exotic Decor Relief 600x300,600x400-4 VERCILIA RELIEF-DECOR
Exotic White Relief 600x300,600x300-6 ELITE WHITE DIG
Fantasy Gold 1200x600,600x600-4 DIANA GOLD GL PO UC
Fiona Florina HL GY BK 600x300,300x600-6 FIONA FLORINA HL GY BK
Flocept DK 300x300,300x300-8 (10 MM) DG FLOCEPT DK
Flocept LT 300x300,300x300-8 (10 MM) DG FLOCEPT LT
Floor Tiles 300x300,300x300-9 Leafy Flora Floor Matt
Floor Tiles 400x400,300x300-9 Leafy Flora Floor Matt
Florano LT 600x300,250x375-8 LT FLORAT LT GL REC
Florence LT 450x300,250x375-8 LT Coweta Brown LT
Flow Mocha 1200x600,1200x600-2 GLASS FLOW LISO PO12MM
Fluence Beige 450x300,300x450-6 FLUENCE BEIGE
Fluence Choco 450x300,300x450-6 FLUENCE CHOCO
Flurry - Dc,800x800-3 FLURRY DC SF POUC
Fontana HL 600x300,300x600-6 FONTANA -HL
Fontana LT 600x300,300x600-6 FONTANA -LT
Frances GRN HL 450x300,300x450-6 FRANCES GRN HL
Frances GRN LT 450x300,300x450-6 FRANCES GRN LT
Frost Dusk 1200x600,1200x600-2 LUMBER DUSK DAZZL 12MM
Frost White 600x600,600x600-4 AMAZE WHITE IJ PO UC
Galaxy - Greek,1000x1000-2 GALAxY WH DC SF POUC
Garnet Quadra 600x300,600x300-6 GARNET QUADRA HL DIG
Garnet Quadra HL 600x300,600x300-6 GARNET QUADRA HL DIG
Gemma DK 450x300,300x450-6 GEMMA DK
Gemma Floor 300x300,300x300-9 Leafy Flora Floor Matt
Gemma HL 450x300,300x450-6 GEMMA HL
Gemma LT 450x300,250x375-8 LT Coweta Brown LT
Glare Four 600x400,600x400-4 GLARE FOURS
Glass Glow Club 800x400,800x400-3 Glassglow Club Glossy
Glenco Beige 600x300,300x300-10 Rec Lenox Beige
Glenco Crema 600x300,300x300-10 Rec Lenox Crema
Glenco HL 600x300,300x450-6 COZI KITCH HL 3 GLREC
Glory - 1200x800,800x800-3 GLORY Dc Sf
Golden Onyx 1200x600,600x600-4 ONYx AQUA GL UC
Gracia Bright 600x300,600x300-10 GRACIOUS BRIGHT UP UC
Gracia Feature 800x400,800x400-3 GRANITI FEATURE IJ
Graffiti Bright 450x300,300x450-6 GRAFFIT BRIGHT
Graffiti Deep 450x300,300x450-6 GRAFFIT DEEP
Graffiti Floor 300x300,300x300-9 Leafy Flora Floor Matt
Graffiti HL 450x300,300x450-6 GRAFFIT HL
Grain Magic HL 450x300,300x450-6 FRANCES GRN HL
Grainflow DK 450x300,300x450-6 GRAINFLOW DK
Grainflow Floor 300x300,300x300-9 Leafy Flora Floor Matt
Grainflow LT 450x300,250x375-8 LT Coweta Brown LT
Grande Traventino 600x300,600x300-6 GRANDE TRAVERTINO DIG
Granilia Cobalt Blue 300x300,200x200-25 COBALT BLUE
Graniti Feature 800x400,800x400-3 GRANITI FEATURE IJ
Graniti Mix 800x400,800x400-3 GRANITI MIx IJ
Graniti White 800x400,800x400-3 GRANITI WHITE IJ
Grazia Plazma 1600x800,800x1600-2 GRAZIA PLAZMA HGLPUC
Green Endura 10MM 300x300,300x300-10 GREEN Rec
Greenland Quartz 600x600,300x300-10 Quartz Green
Grey - 300x200,300x200-15 GREY
Grey - 300x300,300x300-10 BMEC GREY
Grey Endura 10MM 300x300,300x300-6 (15MM) SILVER GREY PLUS
Grey Endura 12MM 300x300,300x300-08 BMEC GREY-12MM
Grey Plus 10MM 300x300,300x300-6 (15MM) SILVER GREY PLUS
Grey Plus 12MM 300x300,300x300-6 (15MM) SILVER GREY PLUS
Grid Line LT 450x300,250x375-8 LT Trinity GRIS LT
Gristone DK 600x300,300x600-6 RUSTIC STONE DK MAT RC
Gristone LT 600x300,250x375-8 LT Coweta Brown LT
Gritty Branco 16MM 600x600,300x300-10 (10MM) MAx BRUNO 10
Gritty Crust 16MM 600x600,600x600-4 Corus Coffee Rust Matt
Heritage Floor 300x300,300x300-9 Leafy Flora Floor Matt
Heritage HL 600x300,600x300-6 GARNET QUADRA HL DIG
Heritage LT 600x300,250x375-8 LT Coweta Brown LT
Heritage Verde DK 600x300,800x400-3 VERTE DK GLOSSY REC
IVORY Twin 600x400,600x400-4 IVORY - TWIN
Imperial Bianco 1200x600,1200x600-2 IMPERIAL BIANCO S&PMTUP
Imperial Pearl 600x300,600x300-6 IMPERIAL PEARL IJ NGF
Impresso White 300x300,1200x300-4 EMPRESS WHITE STONE
Indigo DK 600x300,600x300-10 DENIVER LAM DK SA UC
Indigo HL 600x300,600x300-6 GARNET QUADRA HL DIG
Indigo LT 600x300,250x375-8 LT Coweta Brown LT
Inflexion Blanco 600x300,300x300-10 ARTIZ BLANCO
Ingle Wood DK 600x300,300x300-12 INGLE WOOD DK
Ingle Wood Floor 300x300,300x300-9 Ingle Wood Flr Matt
Ingle Wood HL 600x300,300x300-9 Ingle Wood Flr Matt
Ingle Wood LT 600x300,300x300-9 Ingle Wood Flr Matt
Inspira DK 450x300,300x300-08 RE DIG ROCKCEPT DK
Inspira Floor 300x300,300x300-9 Leafy Flora Floor Matt
Inspira HL 450x300,300x450-6 INSPIRA HL
Inspira LT 450x300,250x375-8 LT Coweta Brown LT
Ivory - 300x200,300x200-15 IVORY
Ivory - 300x300,300x300-10BME BUBLE ST IVORY (PLU)
Ivory - 400x400,400x400-06 BMEC IVORY (PLUS)
Ivory - 600x600,600x600-2 (20MM) KORNETO IVORY
Ivory 12MM 300x300,300x300-8 SUPER IVORY (12mm) Rec
Ivory 20MM 300x300,300x300-8 SUPER IVORY (12mm) Rec
Ivory 8x4 12MM,300x300-12 SACRA RUST IVORY
Ivory 8x4 20MM,300x300-10BME BUBLE ST IVORY (PLU)
Ivory Endura 15MM 300x300,300x300-6 (15mm) NEW TEK BT IVORY
Ivory Plus 10MM 300x300,300x300-8 (12mm) Plain Ivory Plus
Ivory SF 600x600,600x600-4 IVORY SF PO UC
Jasper Crema 1200x600,600x1200-2 JASPER CREMA GL REC
Jet Black 1200x600,600x600-4 JET BLACK Po Uc
Jet Black 600x600,600x600-4 JET BLACK Po Uc
Jodaro Bright 600x300,600x300-6 WOODLINE BRIGHT DIG
Jodaro DK 600x300,600x300-10 DENIVER LAM DK SA UC
Jodaro Feature 600x300,600x300-6 EROS FEATURE DIG
Jodhpur Beige 300x300,300x300-10 Jodhpur Bg
Jupiter - 600x600,600x600-4 JUPITER PO UC
Jurawood - 600x300,600x300-6 JURAWOOD DIG
Kajaria 6212 600x600,600x600-4 JET BLACK Po Uc
Kayla Bright 450x300,300x450-6 KAYLA BRIGHT GL REC
Kayla Decor 450x300,300x450-6 KAYLA DECOR GL REC
Kayla Deep 450x300,300x450-6 KAYLA DEEP GL REC
Keive Dk 600x300,600x300-10 DENIVER LAM DK SA UC
Keive Floor 300x300,300x300-9 Leafy Flora Floor Matt
Kerasix Ferro 600x400,600x400-4 KERASIx FERRO
Kerasix Ivory 600x400,600x400-4 KERASIx IVORY
Kerasix Rhytm 600x400,600x400-4 KERASIx RHYTHM
Koel Satvario 800x800,800x800-2 KOEL SATUARIO GLUC
Korneto Beige 600x600,600x600-2 (20MM) KORNETO BEIGE
Korrel DC 600x600,600x600-4 KORREL DC SF PO UC
Kraft Crust 400x400,400x400-6 KRAFT CRUST
Kraft Earth 400x400,400x400-6 KRAFT EARTH
Kraft Exotica White 400x400,400x400-6 KRAFT ExOTICA WHITE
Kraft Moon 400x400,400x400-6 KRAFT MOON
Kraft Neptune 400x400,400x400-6 KRAFT NEPTUNE
Kraft Pinewood 400x400,400x400-6 KRAFT PINEWOOD
Kreo Ivory 20MM 600x600,600x600-2 (20MM) KREO IVORY
Lagnum Beige 600x300,600x300-6 ARCHIVE BEIGE IJ
Lagnum Brown 300x300,306x306-15 RED GRANITE BRN BRN WT
Lagnum Brown 600x300,306x306-15 RED GRANITE BRN BRN WT
Lapato German Wooden 600x600,600x600-4 CARE WOODENZA IJ SF
Lapis Natura 1200x600,600x1200-2 LAPIS NATURA HGL REC
Laurento Sheen 800x400,800x400-3 LAURENTO SHEEN IJ
Laverna DK 600x300,600x300-6 LAVERNA BR DIG
Laverna Decor 600x300,800x400-3 TRAVERNIA DECOR GL REC
Laverna White 600x300,300x600-6 VERONA WHITE
Lazurite Beige 450x300,300x450-6 LAZURITE BEIGE MAT ELV
Lazurite Gris 450x300,300x450-6 LAZURITE GRIS MAT ELV
Ledgestone Beige 600x300,400x400-5 GEMSTONE BIEGE MT REC
Ledgestone Brown 600x300,400x400-5 GEMSTONE BROWN MT REC
Lenox Beige 300x300,300x300-10 Rec Lenox Beige
Lenox Beige 600x600,600x600-4 LENOx BEIGE MATT
Lenox Blanco 300x300,300x300-10 Rec Lenox Blanco
Lenox Blue 300x300,300x300-10 Rec Lenox Blue
Lenox Brown 600x600,600x600-4 LENOx BROWN MATT
Lenox Crema 300x300,300x300-10 Rec Lenox Crema
Lenox Gris 300x300,300x300-10 Rec Lenox Gris
Lenox Lavender 300x300,300x300-10 Rec Lenox Lavender
Lenox Pink 300x300,300x300-10 Rec Lenox Pink
Lenox Verde 300x300,300x300-10 Rec Lenox Verde
Leone HL 600x300,600x300-6 GARNET QUADRA HL DIG
Leone LT 600x300,300x600-6 REC LEONE LT GL
Ligo Art HL 450x300,300x450-6 LIGO ART HL
Ligo DK 450x300,300x450-6 LIGO DK
Ligo Floor 300x300,300x300-9 Leafy Flora Floor Matt
Ligo LT 450x300,250x375-8 LT Coweta Brown LT
Linia Crema 450x300,600x1200-2 LINEA WOOD CREMA GL PO
Lisa Unico 600x600,600x600-4 LISA UNICO GL UC
Lowena Bright 600x300,600x300-6 WOODLINE BRIGHT DIG
Lowena DK 600x300,600x300-10 DENIVER LAM DK SA UC
Lowena Decor 600x300,600x300-6 BELLA DECOR NIJ
Lumber Dazzle Splt 1200x200,1200x200-4 TIMBER DAZZLE SPLT UPUC
MCPL 24241 600x600,600x600-4 JET BLACK Po Uc
Macau Beige 600x600,600x600-4 MACAU BEIGE GL UC
Maderia Onyx 1200x600,600x1200-2 MADERIA ONYx GL REC
Magna Pine 800x400,800x400-3 Travis Vine Glossy
Mango Yellow 600x600,600x600-4 MANGO YELLOW PO UC
Mangolia Grey 600x300,600x300-6 REGAL SQUARES GREY DIG
Manila Ocre 400x400,400x400-5 STONIA OCHRE MT REC
Mapple Brown 600x600,600x600-4 MAPPLE BROWN MATT
Marisol Olive Dk 600x300,300x600-6 MARISOL OLIVE -DK
Marisol Olive Floor 300x300,300x300-9 Marisol Olive Flr Matt
Marisol Olive HL 600x300,300x600-6 MARISOL OLIVE -HL
Marisol Olive LT 600x300,300x600-6 MARISOL OLIVE -LT
Marisol Rose Dk 600x300,300x300-9 MARISOL ROSE FLR MATT
Marisol Rose Floor 300x300,300x300-9 MARISOL ROSE FLR MATT
Marisol Rose HL600x300,300x300-9 MARISOL ROSE FLR MATT
Marisol Rose LT 600x300,300x300-9 MARISOL ROSE FLR MATT
Marmal KIT HL 2 450x300,300x450-6 MARMAL KIT-2 HL GL
Marmi Crema 1200x600,600x1200-2 MARMI CREMA GL REC
Marmol Snow 450x300,300x450-6 MARMAL SNOW GL
Marmol Snow HL 450x300,300x450-6 MARMAL SNOW HL GL
Marmos BG 1200x600,1200x600-2 RICHMONTE LISO BG PO9MM
Marmos Brown 1200x600,600x1200-2 MARZO BROWN GL REC
Marquina Marble 1200x600,600x1200-2 MARQUINA MARBLE GLREC
Marron Choco 1200x600,600x1200-2 MARRON CHOCO HGL REC
Matrix Blanco 450x300,300x300-10 ARTIZ BLANCO
Matrix Gris 450x300,400x400-8 Grid Gris Rec Dig Mat
Matrix White 600x600,600x600-4 AMAZE WHITE IJ PO UC
Mega White 600x600,600x600-4 MEGA WHITE SF PO UC
Melwak Oak LT 600x300,250x375-8 LT Coweta Brown LT
Merbau Figo Brown 450x300,800x1600-2 SERBA BROWN RA SAPUC
Metachalk Split 1200x200,1200x200-4 NAUTICA SASO SPLIT UPUC
Metachalk Splits 1200x200,1200x200-4 EASEL SPLITS - HDR UPUC
Metawood - Splits,1200x200-4 METAWOOD SPLITS UPUC
Metawood Splits 1200x200,1200x200-4 METAWOOD SPLITS UPUC
Meteor Fx Nero 1200x600,1200x600-2 METEOR Fx -NERO PO UC
Meteor Fx White 1200x600,1200x600-2 METEOR Fx -WHITE PO9MM
Mid Night Black 1200x600,600x600-4 JET BLACK Po Uc
Miramar - 600x600,600x600-4 MIRAMAR-S PLUS PO
Miramar Plus Commercial 10MM 600x600,600x600-4 MIRAMAR-S PLUS PO
Mismo Copper 600x600,600x600-4 MISMO COPPER MATT UC
Mist Grey 600x600,600x600-4 MIST GREY UP WH
Mistic Bright 450x300,300x450-6 MISTIC BRIGHT GL REC
Mix Stone Gris 300x300,300x300-8 (10 MM) DG MIx ST GRIS
Moca Art HL 600x300,300x600-6 MOCA ART HL
Moca DK 600x300,300x600-6 MOCA BROWN DK
Moca Floor 300x300,300x300-9 Leafy Flora Floor Matt
Moca LT 600x300,300x600-6 MOCA WHITE LT
Modish Planks 1200x600,1200x600-2 MODISH PLANKS UP UC
Moldova Nero BKM A 800x1600,300x300-08 RE DIG NEO TOSCA NERO
Moon Span 600x400,600x400-4 MOON SPAN
Mosaico Grey 300x300,300x600-6 MOSICO GREY GLOSSY PO
Mozaico Ochre 600x400,600x400-4 MOZAICO OCHER
Mozil Brown 600x300,600x300-6 MOZIL BROWN DIG
Mozil Ivory 600x300,600x300-6 MOZIL IVORY DIG
Murreto DK 600x300,600x300-10 DENIVER LAM DK SA UC
Murreto LT 600x300,250x375-8 LT Coweta Brown LT
Nautica Sasso 1200x600,1200x600-2 NAUTICA-SASSO PO UC12MM
Nebulia DK 600x300,600x300-10 DENIVER LAM DK SA UC
Nebulia HL 600x300,600x300-6 GARNET QUADRA HL DIG
Nebulia LT 600x300,250x375-8 LT Coweta Brown LT
Neives SF 600x600,600x600-4 Nieves SF PO UC
Nelson - 600x600,300x600-6 NEON LT GLOSSY PO
Nelson LT 600x300,250x375-8 LT Coweta Brown LT
Neo Dune Bright 600x300,300x300-08 RE DIG NEO TOSCA NERO
Neo Dune Centric 600x300,300x300-08 RE DIG NEO TOSCA NERO
Neo Dune Deep 600x300,300x300-08 RE DIG NEO TOSCA NERO
Neron Snow 800x800,800x800-3 Neron Snow DCSFPOUC
New Blue 108x108,108x108-80 NEW BLUE
New Blue 300x200,300x200-15 NEW BLUE
New Tek Bt Yellow 300x300,300x300-6 (15mm) NEW TEK BT IVORY
New Tek LN Yellow 300x300,300x300-6 (15mm) NEW TEK LN IVORY
Niagara Cotto 600x600,600x600-4 NIAGARA COTTO SA RU
Niagara Crema 600x600,600x600-4 NIAGARA CREMA SA RU
Noche Ellegante 1200x800,800x1200-2 NOCHE ELEGANTE GL
Nysa DK 450x300,300x300-08 RE DIG ROCKCEPT DK
Nysa Floor 300x300,300x300-9 Nysa Floor Matt
Nysa HL 450x300,300x450-6 Nysa Hl Glossy
Nysa LT 450x300,250x375-8 LT Coweta Brown LT
Oak Decor 800x400,800x400-3 OAK DECOR IJ
Oak Emotion 800x400,800x400-3 OAK EMOTION IJ
Oak Wood Ash 600x300,600x600-4 TASMANIAN OAK WOOD MAT
Oak Wood Natura 600x300,600x600-4 TASMANIAN OAK WOOD MAT
Ocatavia Beige 600x300,600x300-6 ARCHIVE BEIGE IJ
Ocatvia HL 600x300,600x300-6 GARNET QUADRA HL DIG
Octavia Creama 600x300,600x300-10 GIALLO CREMA UP UC
Octavia Floor 300x300,300x300-9 Leafy Flora Floor Matt
Octavia HL 600x300,600x300-6 GARNET QUADRA HL DIG
Odell Azul 600x300,600x300-10 ARBANO AZUL HG UC
Odell Floor 300x300,300x300-9 Leafy Flora Floor Matt
Odell HL 600x300,600x300-6 GARNET QUADRA HL DIG
Odell LT 600x300,250x375-8 LT Coweta Brown LT
Ohio Wood 1200x800,800x1200-2 OHIO WOOD MATT
Olivia Crema 1200x600,600x600-4 Alaska Crema Hard Matt
Olympia Bianco 1200x600,600x1200-2 OLYMPIA BIANCO GL REC
Onio Decor 600x300,300x600-6 ONIO DECOR
Onio White 600x300,300x300-9 Onio White Flr Matt
Opera Brown 1200x600,300x600-6 EMPERA BROWN
Opus Liso 1200x600,1200x600-2 OPUS LISO PO UC9MM
Osaka Meadow 600x600,600x600-4 OSAKA MEADOW REC RMT
Oxford Gris 600x600,600x600-4 OxFORD GRIS UP WH
Oxido Crimson 1200x200,1200x1200-2 OxIDO CRIMSON MTL SPL
Oxido Crimson 1200x300,1200x1200-2 OxIDO CRIMSON MTL SPL
Ozar Wood Floor 300x300,300x300-9 Ozark Wood Flr Matt
Ozark Wood DK 600x300,300x600-6 OZARK WOOD -DK
Ozark Wood HL 600x300,300x600-06 OZARK WOOD HL
Ozark Wood LT 600x300,300x600-6 OZARK WOOD -LT
Paloma Nero 800x1600,800x1600-2 PALOMA NERO RU
Panoroma DC 600x600,600x600-4 PANAROMA DC SF PO UC
Paradiso LT 600x300,250x375-8 LT Coweta Brown LT
Paradiso Waves LT 600x300,250x375-8 LT Coweta Brown LT
Parian White 1200x800,800x1200-2 PARIAN WHITE GL
Parx Gris 300x300,300x300-08 RE DIG PARx GRIS
Pearl Cristal Nero 600x400,600x400-4 PEARL CRISTAL NERO
Pearl Cristal Snow 600x400,600x400-4 PEARL CRISTAL SNOW
Pearl Cristal Symphony 600x400,600x400-4 PEARL CRISTAL NERO
Pearl Onyx 800x800,800x800-3 Pearl White Dc Sf
Pearl Sheen 800x400,800x400-3 PEARL SHEEN IJ
Pearl White 800x800,800x800-3 Pearl White Dc Sf
Perito TW 600x600,600x600-4 PERITO TW SF PO UC
Perlato Sicillia 800x800,800x800-2 PERLATO SICILLIA IJ POUC
Phoenix DK 600x300,600x300-10 DENIVER LAM DK SA UC
Phoenix Floor 300x300,300x300-9 Leafy Flora Floor Matt
Phoenix HL 600x300,600x300-6 GARNET QUADRA HL DIG
Phoenix Light 600x300,600x300-6 GRISTONE LIGHT DIG
Piacentina Beige 600x600,600x600-4 PIACENTINA BEIGE
Pink Stone 1200x300,1200x300-4 PINK STONE
Plain Benaulium 1200x300,1200x600-2 PLAIN BENALIUM
Plain Donapaula 1200x600,1200x600-2 PLAIN DONAPAULA
Plain Traventine 450x300,600x300-6 ULTRA WHITE PLAIN NGF
Plain Tropic White 450x300,600x300-6 ULTRA WHITE PLAIN NGF
Plank Natural 600x600,600x600-4 REC PLANK NATURAL
Plazo Graphite 600x600,600x600-4 ARTICA GRAPHITE DC SF
Pobles Floor 300x300,300x300-9 POBLES FLOOR MT REC
Pobles HL 450x300,300x450-6 POBLES HL
Pobles LT 450x300,250x375-8 LT Coweta Brown LT
Polka Rectangle Ivory 10MM 300x300,300x300-8 (12mm) POLKA DOT IVORY
Polka Rectangle Terracotta 10MM 300x300,300x300-10 POLKA RECTANGLE IV PLUS
Polka Strip Ivory 10MM 300x300,300x300-10 POLKA STRIP IVORY PL
Pool Tile Dark Blue 247x122,247x122-30 POOL TILE DARK BLUE(Q)
Pool Tile New Blue 247x122,247x122-30 POOL TILE NEW BLUE(Q)
Porphiry Pearl 800x400,800x400-3 PORPHIRY PEARL IJ
Portland White Feather 1600x800,300x450-6 DIG.FEATHER WHITE
Portland White Liso 800x1600,1200x600-2 ELECCION WHITE LISO PUC
Prada DK 450x300,300x300-08 RE DIG ROCKCEPT DK
Prada HL 450x300,600x300-6 GARNET QUADRA HL DIG
Prada LT 450x300,250x375-8 LT Coweta Brown LT
Pretoria Noce 600x600,600x600-4 PRETORIA NOCE MATT
Pretoria Noce 800x400,800x400-3 Pretoria Noce Decor SA
Pretoria Noce Decor 800x400,800x400-3 Pretoria Noce Decor SA
Pretoria Tan 800x400,800x400-3 Pretoria Tan Satin
Pretoria Tan Decor 800x400,800x400-3 Pretoria Tan Dekor SA
Pulpis Beige 1200x600,1200x800-2 Tropic Beige Dc Sf
Purbeck Beige 1200x800,800x1200-2 PURBECK BEIGE GL
Quarjet DK 600x300,300x600-6 QUARJET DK
Quarjet Floor 300x300,300x300-9 QUARJET FLOOR MATT
Quarjet HL 600x300,300x600-06 QUARJET HL
Quarjet LT 600x300,250x375-8 LT Moss Quartzo LT
Quart HL 450x300,600x300-6 GARNET QUADRA HL DIG
Quart LT 450x300,250x375-8 LT Moss Quartzo LT
Quartz Grey 300x300,300x300-10 BMEC GREY
Quincy DK 600x300,600x300-10 DENIVER LAM DK SA UC
Quincy HL 600x300,600x300-6 GARNET QUADRA HL DIG
Quincy LT 600x300,250x375-8 LT Coweta Brown LT
RH145 - 600x300,600x300-6 ULTRA WHITE PLAIN NGF
Randolph - 600x300,300x300-9 RANDOLPH FLOOR MATT
Randolph Floor 300x300,300x300-9 RANDOLPH FLOOR MATT
Randolph HL 600x300,300x600-6 RANDOLPH HL GL
Rascanya Lilac DK 450x300,300x450-6 RASCANYA LILAC DK
Rascanya Lilac Floor 300x300,300x300-9 RASCANIA LILAC FLR MAT
Rascanya Lilac HL 450x300,300x450-6 RASCANYA LILAC HL
Rascanya Lilac LT 450x300,300x450-6 RASCANYA LILAC LT
Rascanya Pink DK 450x300,300x300-9 RASCANIA PINK FLR MATT
Rascanya Pink HL 450x300,300x450-6 RASCANIYA PINK HL-2 GL
Rascanya Pink LT 450x300,300x300-9 RASCANIA PINK FLR MATT
Recent DK 450x300,300x450-6 RECENT DK
Recent Floor 300x300,300x300-9 Leafy Flora Floor Matt
Recent HL 450x300,300x450-6 Crescent Flora HL Glosy
Recent LT 450x300,250x375-8 LT Coweta Brown LT
Red 10MM 300x300,400x400-06 RE DIG MURAN RED
Renet Iv Brown 300x200,300x200-15 RENAT IV BR PLUS
Ret IV 600x300,300x600-6 RET PIAZZA HL IV BR RE
Ret Piazza HL 600x300,300x600-6 RET PIAZZA HL IV BR RE
Retro Block DK 600x300,306x306-15 BLK GRANITE BLK GYWT
Retro Block LT 600x300,250x375-8 LT Coweta Brown LT
Retro Decor 600x300,250x375-8 Metrio Decor Glsy Rec
Revoke Beige 600x600,600x600-2 (20MM) KORNETO BEIGE
Rezorto Blocks 600x400,600x400-4 REZORTO BLOCKS
Rhombus Pearl 600x300,600x300-6 IMPERIAL PEARL IJ NGF
Rialto Mosaico HL 600x300,300x600-6 RIALTO MOSAICO HL
Richmonte Liso White 1200x600,1200x600-2 RICHMONTE LISO BG PO9MM
Rio Bright 600x300,600x300-6 RIO BRIGHT DIG
Rio DK 600x300,300x600-6 TRIBO DK GLOSSY PO
Rio Magic 600x300,600x300-6 RIO MAGIC DIG
River Satvario A 1200x600,1200x600-2 CLASSIC STATURIO LIPOUC
Rivera Beige 600x300,600x300-6 ARCHIVE BEIGE IJ
Rivo - Floor,300x450-6 Rivo Lt Matt
Rivo DK 450x300,300x300-08 RE DIG ROCKCEPT DK
Rivo LT 450x300,250x375-8 LT Coweta Brown LT
Rivo Mix HL 450x300,300x450-6 Rivo Mix Hl Matt
Rizzoli DK 450x300,300x450-6 RIZZOLI DK GL
Rizzoli Floor 300x300,300x300-9 Leafy Flora Floor Matt
Rizzoli HL 450x300,300x450-6 RIZZOLI HL GL
Rizzoli LT 450x300,250x375-8 LT Coweta Brown LT
Rock Damask Gris 800x400,800x400-3 ROCK DAMASK-GRIS IJ
Rock Decor Brown 800x400,800x400-3 ROCK DECOR-BROWN IJ
Rock Face BG 800x400,800x400-3 ROCK DECOR-BROWN IJ
Rock Face Grey 450x300,300x600-06 ROCK FORT GREY
Rock Stone BG 600x300,400x400-5 BEACH STONE BG MTREC
Rock Stone Gris 600x300,600x600-3 ROUGH STONE GRIS
Rock Stone Shell 600x300,300x600-06 ROCK STONE
Rockstone Natural 600x300,400x400-5 ARCH STONE NATUR MTREC
Rodas Art HL 600x300,300x600-6 RODAS ART HL
Rodas DK 600x300,300x600-6 RODAS DK
Rodas Floor 300x300,300x300-9 RODAS PL FLOOR MATT
Rodas LT 600x300,300x600-6 RODAS LT
Romania Black 1200x600,600x1200-2 ROMANIA BLACK HGL REC
Romano DC 600x600,800x800-3 ARMANO VERDE DC SF
Rosinca - 450x300,300x450-6 ROSINCA MAT ELV
Royal Beige 1200x800,800x1200-2 ROYAL BEIGE GL
Royal Blue 108x108,108x108-80 ROYAL BLUE
Royal Marfil 450x300,300x300-9 Royal Marfil Flr Mat
Royal Marfil Floor 300x300,300x300-9 Royal Marfil Flr Mat
Royal Marfil HL 450x300,300x450-6 ROYAL MARFIL HL GLSY
Royal Satvario 1200x600,600x1200-2 ROYAL SATVARIO GL REC
Rusterio DK 600x300,300x600-6 RUSTIC STONE DK MAT RC
Rusterio HL 600x300,600x300-6 GARNET QUADRA HL DIG
Rusterio LT 600x300,250x375-8 LT Coweta Brown LT
Rustic Vibe Valley 600x600,600x600-4 RUSTIC VIBE VALLEY
Rustic Vibes Dune 600x600,600x600-4 RUSTIC VIBE DUNES
S Triassic Latte 600x600,600x600-4 S TRIASSIC LATTE
S&P BLACK 200x200,800x800-3 S & P BLACK PO SF
S&P GREY 200x200 10MM,204x204-20(10MM) S&P GREY (P)
S&P Grey 600x600,800x800-3 S & P GREY MT PLUS SF
S&P Grey C 600x600,800x800-3 S & P GREY MT PLUS SF
S&P White 12MM 200x200,600x600-4 S & P WHITE MATT PO UC
S&P White 200x200,600x600-4 S & P WHITE MATT PO UC
S&P White 600x600,600x600-4 S & P WHITE MATT PO UC
S&P White 800x800,800x800-3 S & P WHITE MT PLUS SF
S&P White C 600x600,600x600-4 S & P WHITE MATT PO UC
SG Capsule Terra Plus 300x300,300x300-10 SG CAPSULE TERR PLUS
SSR Gris 600x600,600x600-4 SSR GRIS MATT
Sahara Ash 1200x600,600x1200-2 SAHARA ASH RU REC
Sahara Crema 1200x600,600x1200-2 SAHARA CREMA RU REC
Sandra - 600x600,600x600-4 Planket Sandal Satin Mat
Sandune Crema 600x600,600x600-4 Sandune Crema Hard Mat
Saphire Nero 600x600,600x600-4 SAPHIRE NERO UP WH
Sapphire Floor 300x300,300x300-9 Sapphire Floor Matt
Sapphire HL 450x300,600x300-6 GARNET QUADRA HL DIG
Sapphire LT 450x300,250x375-8 LT Coweta Brown LT
Satvario Grande 800x800,800x800-2 STATUAIRO GRANDE IJ POUC
Satvario HL 450x300,300x450-6 SATVARIO HL GL
Satvario LT 450x300,250x375-8 LT Coweta Brown LT
Season DK 450x300,300x300-08 RE DIG ROCKCEPT DK
Season Floor 300x300,300x300-9 Leafy Flora Floor Matt
Season HL 450x300,300x450-6 SEASON HL
Season LT 450x300,250x375-8 LT Coweta Brown LT
Sequira Chess 600x300,300x300-10 SG BIG CHEKS GY PLUS
Serenity DC 600x600,600x600-4 SERENITY DC SF PO UC
Shale White 300x300,300x300-10 BMEC WHITE (COATED)
Shell Decor 600x300,300x600-6 SHELL DEKOR GLOSSY REC
Shell LT 600x300,300x600-6 SHELL LT GLOSSY REC
Sicilia White 600x600,600x600-4 SICILIA WHITE DC SFPOUC
Sicillia Lemon 600x600,600x600-4 SICILIA LEMON DC SFPOUC
Silver Grey Plus 12MM 300x300,300x300-6 (15MM) SILVER GREY PLUS
Silver Grey Plus 15MM 200x100,300x300-6 (15MM) SILVER GREY PLUS
Skoda Coffee 300x300,300x300-10 Skoda Cf
Sky - 800x400,800x400-3 SKY SEPAL IJ
Sky Sepal 800x400,800x400-3 SKY SEPAL IJ
Slate DK Grey 300x300,300x600-6 Twine Grey Dk Glossy
Slate LT BG 300x300,300x300-8(12mm) DG SLATE LIGHT BG
Slate LT Grey 300x300,300x600-6 Twine Grey Lt Glossy
Snow - 450x300,600x400-4 PEARL CRISTAL SNOW
Snow Allure 800x800,800x800-3 SNOW ALLURE DC SF POUC
Sophie Bright 600x300,600x300-6 WOODLINE BRIGHT DIG
Sophie Deep 600x300,600x300-6 MARINE-DEEP DIG
Sophie HL 600x300,600x300-6 GARNET QUADRA HL DIG
Spruce - Beechwood,600x600-4 SPRUCE ASHWOOD MATT
Spruce Ashwood 600x600,600x600-4 SPRUCE ASHWOOD MATT
Stone Block BG 600x600,600x600-4 STONE BLOCK IJ UP UC
Stone Block GY 600x600,600x600-4 STONE BLOCK IJ UP UC
Stone Mix Grey 300x300,1200x600-2 GREY STONE STONEx
Stonecept DK 300x300,300x300-08 RE DIG STONECEPT DK
Stonecept LT 300x300,300x300-08 RE DIG STONECEPT LT
Sun Bright Dekor 600x300,300x600-6 SUNBRIGHT DEKOR GL REC
Supple Cementz 800x800,800x800-2 SUPPLE CEMENTZ SSUC
Supple Empro 800x800,800x800-2 SUPPLE EMPRO SSUC
Sydney Brown 300x300,306x306-15 RED GRANITE BRN BRN WT
Taco Lava 1200x600,800x1600-2 PALAZZO LAVA-NRS RURC
Tata Blue 10MM 300x300,300x300-10 TATA BLUE (REC)
Teak Decor 600x400,600x400-4 TEAK DECOR
Teak Feel 600x600,600x600-4 TEAK FEEL RUSTIC UC
Teak Twin 600x400,600x400-4 TEAK TWIN
Terra - 800x400,800x800-3 Genney Terra DCSFPOUC
Terra Decor 800x400,300x600-6 TERRI DECOR GL REC
Terra Feature 800x400,800x400-3 GRANITI FEATURE IJ
Terracotta - 600x600,600x600-4 TERRACOTTA PLUS PO
Terracotta 10MM 300x300,300x300-5 (20mm) TERRACOTTA
Terracotta 8x4 20MM,200x100-20 TERRACOTA (15MM)
Texas Nero 1200x600,600x1200-2 TExAS NERO HGRC
Third Fin Four 600x400,600x400-4 THIRD FIN FOURS
Third Fin Six 600x400,600x400-4 THIRD FIN SIx
Tiles - 1200x600,300x300-10 COOL ROOF SRI TILE
Tiles - 375x250,247x122-30 POOL TILE GREEN(R)
Tiles - 400x400,300x300-10 COOL ROOF SRI TILE
Tiles - 450x300,300x300-10 COOL ROOF SRI TILE
Tiles - 600x600,300x300-10 COOL ROOF SRI TILE
Tiles - 800x400,300x300-10 COOL ROOF SRI TILE
Tiles - 800x800,300x300-10 COOL ROOF SRI TILE
Timber Ash 1200x200,1200x200-4 TIMBER DAZZLE SPLT UPUC
Timber Oak 1200x200,1200x200-4 TIMBER DAZZLE SPLT UPUC
To Blue Plus 12MM 300x300,300x300-8 (12mm)TO BLUE PLUS Rec
To Green Endura 12MM 300x300,300x300-8 TO GREEN PLUS (12mm)Rec
To Green Plus 300x300,300x300-8 TO GREEN PLUS (12mm)Rec
To Yellow Plus 12MM 300x300,300x300-8 TO YELLOW PLUS(12mm)Rec
To Yellow Plus 300x300,300x300-8 TO YELLOW PLUS(12mm)Rec
Toronto Marble 1200x600,600x1200-2 TORONTO MARBLE HGLREC
Torrean Deco 600x300,800x400-3 TORRE DECOR MATT REC
Torrean LT 600x300,250x375-8 LT Coweta Brown LT
Torrence Bg 600x600,600x600-4 SALISBURY BG DCSFPOUC
Torrento Grey 600x600,600x600-4 TORANTO GREY GL UC
Tosso Pearl 1200x800,800x1200-2 TOSSO PEARL PO
Touch Blaco 600x600,600x600-4 TOUCH BLANCO PO UC
Touch Tulip Wood 600x600,600x600-4 TOUCHE TULIP WOOD MTUC
Touch Wood 600x600,600x600-4 TOUCH WOOD PO UC
Touch Wood Dark 600x600,600x600-4 TOUCHE DARK WOOD MT UC
Tradiz Beige 300x300,800x800-2 TRAVIZ BEIGE GLUC
Tranquil DC 600x600,600x600-4 TRANQUIL DC SF PO UC
Traventino Natura 1200x600,600x600-4 BURL NATURA HARD MATT
Traville Bright 600x300,300x600-6 Traville Bright Rec SA
Traville Dark 600x300,300x600-6 Traville Dark Rec SA
Traville Decor 600x300,300x600-6 Traville Decor Rec SA
Travio - 600x600,600x600-4 TRAVIO PO UC
Travio Gris 600x600,600x600-4 TRAVIO GRIS GL PO UC
Travio Silver Rasso 1200x600,1200x600-2 TRAVIOLA SILVER RA 12MM
Travis Liso 1200x600,1200x600-2 TRAVIS LISO PO UC9MM
Traviz Beige 800x800,800x800-2 TRAVIZ BEIGE GLUC
Traviz Gris 800x800,800x800-2 TRAVIZ GRIS (SIL)GLUC
Treiniano Liso 1200x600,1200x600-2 TRIEIANO LISO PO UC
Trendz Cotto 400x400,400x400-06 RE DIG TRENDZ COTTO
Trendz Cotto Deco 400x400,400x400-06 RE DIG TRENDZ COT DECO
Tropic - White,800x1200-2 TROPIC BEIGE DCSFPOUC
Tropic White 450x300,300x300-10 BMEC WHITE (COATED)
Truerock Dolomite 600x400,600x400-4 TRUEROCK DOLOMITE
Truerock Ferro 600x400,600x400-4 TRUEROCK FERRO
Truerock Fossil 600x400,600x400-4 TRUEROCK FOSSIL
Truerock Quartize 600x400,600x400-4 TRUEROCK QUARTIZE
Trunk Sleeper 300x300,300x300-8(12mm) DG TRUNK SLEEPER
Trunk Vogue 300x300,300x300-8(12mm) DG TRUNK VOGUE
Tunisia LT 450x300,250x375-8 LT Coweta Brown LT
Turia DK 450x300,300x450-6 TURIA DK
Turia Floor 300x300,300x300-9 TURIA FLOOR MATT
Turia HL 450x300,300x450-6 TURIA HL
Turia LT 450x300,250x375-8 LT Coweta Brown LT
Turkish Moss 600x600,600x600-4 TURKISH MOSS RMT REC
Ubania Scuro Base 800x400,800x400-3 Urbania Scuro Satin
Valencia - 600x300,600x300-6 VALENCIA DIG
Valencia Crema 1200x600,600x600-4 CREMA VALENCIA DC SF PO
Valeria TW SF 800x800,600x600-4 VALERIO TW SF REC GL
Vanilla Gris 600x600,400x400-8 Grid Gris Rec Dig Mat
Velsova - 1200x300,1200x300-4 VELSOA STONE
Velsova - 1200x600,1200x600-2 PLAIN VELSOA
Venus Span 600x400,600x400-4 CRUST SPAN
Victoria Grey 1200x600,600x1200-2 VICTORIA GREY GL REC
Vintage Dusk 450x300,300x450-06 VINTAGE DUSK
Vivo Cotto 600x600,600x600-4 VIVA COTTA DC SF PO UC
Wall Art HL 450x300,300x600-6 RODAS ART HL
Wall Tiles 300x200,300x600-06 WALL CRAFT WHITE HL MT
Wall Tiles 450x300,300x300-12 WALL CRAFT BEIGE MATT
Wall Tiles 600x200,300x300-12 WALL CRAFT BEIGE MATT
Wall Tiles 600x300,300x300-12 WALL CRAFT BEIGE MATT
Walnut Lumber 1200x600,600x1200-2 WALNUT LUMBER RUWOREC
Wavy Terracotta 10MM 300x300,300x300-10 Wavy Terracotta Plus
Weil Keuz Dazzle 800x800,800x800-2 KEG WOOD DAZZLE IJ UP UC
Wenge Feel 600x600,600x600-4 WENGUE FEEL SATIN UC
Wengee Beech 450x300,600x300-6 PERGEWOOD WENGE DIG
White - 300x200,300x200-15 PLAIN WHITE
White - 300x300,300x300-10 BMEC WHITE (COATED)
White - 600x600,600x600-4 AMAZE WHITE IJ PO UC
White - 8x12,300x300-8(12mm) WHITE PLUS
White L 300x200,300x200-15 PLAIN WHITE
White Plus Endura 10MM 300x300,300x300-10 WHITE PLUS
Wings Pacific HL 600x300,600x300-6 WINGS PACIFIC HL DIG
Wood Nutmeg 600x600,600x600-4 WOOD NUTMEG MT UC
Wunder Natura 800x800,800x800-2 WUNDER NATURA GLUC
Yellow Endura 10MM 300x300,300x300-6 (15MM) TEK BT YELLOW
Yellow Endura 12MM 300x300,300x300-8 TO YELLOW PLUS(12mm)Rec
Zager Wengee 400x400,400x400-06 RE DIG ZAGER WENGE
Zebrano Beige Liso 800x1600,800x1600-2 ZEBRANO BEIGE-LISO GL
Zona DK 450x300,300x600-6 ARIZONA DK MATT REC
Zona Floor 300x300,300x300-9 Leafy Flora Floor Matt
Zorion Bright 600x300,300x600-6 ZORION BRIGHT MATT REC
Zorion Dark 600x300,600x300-6 GRISTONE DARK DIG
Zorion Decor 600x300,600x400-4 TRION DECOR
